{
  "id": "3737808",
  "name": "secondClass",
  "font_family": "iconfont",
  "css_prefix_text": "icon-",
  "description": "首页",
  "glyphs": [
    {
      "icon_id": "109742",
      "name": "fold",
      "font_class": "fold",
      "unicode": "e61d",
      "unicode_decimal": 58909
    },
    {
      "icon_id": "109761",
      "name": "menu",
      "font_class": "menu",
      "unicode": "e630",
      "unicode_decimal": 58928
    },
    {
      "icon_id": "109797",
      "name": "unfold",
      "font_class": "unfold",
      "unicode": "e654",
      "unicode_decimal": 58964
    },
    {
      "icon_id": "621618",
      "name": "常见问答",
      "font_class": "9",
      "unicode": "e640",
      "unicode_decimal": 58944
    },
    {
      "icon_id": "3759014",
      "name": "我的",
      "font_class": "wode1",
      "unicode": "e60a",
      "unicode_decimal": 58890
    },
    {
      "icon_id": "11696953",
      "name": "首页",
      "font_class": "shouye2",
      "unicode": "e60b",
      "unicode_decimal": 58891
    },
    {
      "icon_id": "32096216",
      "name": "密码2",
      "font_class": "mima2",
      "unicode": "e6b1",
      "unicode_decimal": 59057
    },
    {
      "icon_id": "32096243",
      "name": "锁",
      "font_class": "suo",
      "unicode": "e6b3",
      "unicode_decimal": 59059
    },
    {
      "icon_id": "32096258",
      "name": "用户",
      "font_class": "yonghu",
      "unicode": "e6b5",
      "unicode_decimal": 59061
    },
    {
      "icon_id": "32125897",
      "name": "basic_question_f",
      "font_class": "basic_question_f",
      "unicode": "e65b",
      "unicode_decimal": 58971
    }
  ]
}
